shy,45d3cb7f-9345-47e0-ac9b-4433dea16d39
epnok,86d936bd-6e09-440e-b93c-b445e39a5b9e
hange,5ffa1c31-eaaf-44d7-bb79-eea46ec23c56
booster,d41f0f3c-aebe-45e1-bc6a-380fedf54ca9
brahma,7c4450c0-3495-41aa-8dc1-fb683ec5f9af
sanjinhu,5fe66e8b-389f-4dc3-8422-2e8cc09485f0
arkell,9625029c-a894-48a8-a55b-5ad62396c1eb
lucasbort,badc2d08-5dcd-443f-be97-57681ec46803
jeffer,3cb7e7eb-28cc-4a50-8a13-7a44978a8226
ferrer,aa0aee82-f7a9-4591-a076-331d899f836c
dark,31bb6401-944d-4fc5-ad97-f6cf90c54616
sylv,f256f742-16ef-4f55-a1a7-07505084f04e
epik,0562802e-736e-47c5-81b2-ef095e2ed067





